Product ID,Price
p1,52
p2,117
p3,126
p4,110
p5,32
p6,105
p7,102
p8,94
p9,44
p10,52
p11,98
p12,177
p13,37
p14,185
p15,113
p16,135
p17,165
p18,168
p19,54
p20,28
p21,114
p22,39
p23,200
p24,61
p25,44
p26,57
p27,66
p28,69
p29,189
p30,86
p31,32
p32,37
p33,124
p34,31
p35,78
p36,187
p37,181
p38,179
p39,134
p40,161
p41,107
p42,55
p43,132
p44,66
p45,175
p46,53
p47,196
p48,99
p49,27
p50,127
p51,158
p52,72
p53,63
p54,47
p55,164
p56,115
p57,175
p58,51
p59,142
p60,98
p61,171
p62,125
p63,39
p64,139
p65,84
p66,183
p67,128
p68,183
p69,188
p70,58
p71,154
p72,38
p73,71
p74,90
p75,189
p76,181
p77,119
p78,73
p79,139
p80,197
p81,122
p82,179
p83,136
p84,107
p85,193
p86,26
p87,138
p88,118
p89,82
p90,104
p91,35
p92,145
p93,82
p94,91
p95,184
p96,106
p97,66
p98,182
p99,166
p100,175
p101,188
p102,110
p103,125
p104,161
p105,36
p106,90
p107,39
p108,144
p109,127
p110,53
p111,186
p112,58
p113,170
p114,66
p115,129
p116,161
p117,155
p118,131
p119,56
p120,173
p121,170
p122,115
p123,134
p124,175
p125,75
p126,130
p127,31
p128,192
p129,26
p130,51
p131,117
p132,72
p133,185
p134,186
p135,108
p136,137
p137,30
p138,161
p139,164
p140,67
p141,151
p142,140
p143,91
p144,58
p145,58
p146,184
p147,164
p148,33
p149,169
p150,46
p151,75
p152,30
p153,36
p154,128
p155,84
p156,174
p157,111
p158,128
p159,114
p160,129
p161,67
p162,76
p163,121
p164,57
p165,65
p166,38
p167,36
p168,66
p169,148
p170,70
p171,166
p172,106
p173,179
p174,69
p175,191
p176,34
p177,56
p178,184
p179,174
p180,96
p181,82
p182,164
p183,156
p184,181
p185,35
p186,82
p187,83
p188,96
p189,123
p190,89
p191,140
p192,114
p193,88
p194,53
p195,45
p196,110
p197,45
p198,40
p199,146
p200,108
p201,74
p202,136
p203,26
p204,100
p205,65
p206,136
p207,133
p208,197
p209,90
p210,52
p211,75
p212,141
p213,41
p214,145
p215,71
p216,153
p217,48
p218,198
p219,89
p220,104
p221,58
p222,96
p223,142
p224,105
p225,123
p226,62
p227,97
p228,161
p229,195
p230,140
p231,108
p232,68
p233,106
p234,31
p235,182
p236,107
p237,178
p238,83
p239,84
p240,28
p241,156
p242,119
p243,56
p244,51
p245,75
p246,71
p247,87
p248,94
p249,196
p250,142
p251,28
p252,51
p253,163
p254,109
p255,133
p256,109
p257,113
p258,121
p259,168
p260,87
p261,77
p262,26
p263,102
p264,99
p265,165
p266,141
p267,149
p268,41
p269,149
p270,66
p271,145
p272,149
p273,87
p274,66
p275,98
p276,194
p277,175
p278,44
p279,28
p280,114
p281,44
p282,46
p283,100
p284,106
p285,178
p286,74
p287,99
p288,84
p289,85
p290,127
p291,96
p292,153
p293,63
p294,127
p295,181
p296,66
p297,96
p298,190
p299,183
p300,48
p301,72
p302,167
p303,35
p304,162
p305,103
p306,142
p307,138
p308,82
p309,179
p310,37
p311,168
p312,189
p313,112
p314,195
p315,40
p316,150
p317,58
p318,96
p319,189
p320,62
p321,28
p322,143
p323,104
p324,175
p325,137
p326,75
p327,183
p328,170
p329,138
p330,105
p331,32
p332,79
p333,132
p334,172
p335,60
p336,124
p337,170
p338,33
p339,157
p340,97
p341,171
p342,150
p343,56
p344,176
p345,142
p346,158
p347,98
p348,126
p349,101
p350,112
p351,134
p352,192
p353,63
p354,142
p355,74
p356,70
p357,175
p358,90
p359,196
p360,78
p361,185
p362,187
p363,161
p364,77
p365,32
p366,45
p367,74
p368,77
p369,143
p370,96
p371,37
p372,28
p373,107
p374,97
p375,107
p376,60
p377,76
p378,79
p379,117
p380,166
p381,50
p382,26
p383,188
p384,136
p385,124
p386,171
p387,102
p388,69
p389,52
p390,73
p391,144
p392,121
p393,82
p394,33
p395,177
p396,97
p397,178
p398,28
p399,36
p400,161
p401,84
p402,149
p403,125
p404,102
p405,34
p406,51
p407,105
p408,77
p409,178
p410,186
p411,63
p412,63
p413,25
p414,105
p415,76
p416,192
p417,144
p418,114
p419,126
p420,133
p421,182
p422,25
p423,51
p424,170
p425,27
p426,184
p427,168
p428,145
p429,38
p430,66
p431,124
p432,192
p433,29
p434,183
p435,118
p436,80
p437,34
p438,48
p439,46
p440,152
p441,109
p442,41
p443,192
p444,178
p445,70
p446,138
p447,91
p448,80
p449,159
p450,70
p451,73
p452,163
p453,38
p454,181
p455,147
p456,25
p457,142
p458,169
p459,193
p460,158
p461,169
p462,196
p463,192
p464,27
p465,136
p466,197
p467,80
p468,73
p469,173
p470,136
p471,35
p472,72
p473,173
p474,78
p475,147
p476,94
p477,86
p478,68
p479,145
p480,194
p481,88
p482,75
p483,58
p484,34
p485,108
p486,100
p487,84
p488,28
p489,122
p490,46
p491,152
p492,104
p493,65
p494,183
p495,80
p496,73
p497,126
p498,108
p499,188
p500,65
p501,107
p502,82
p503,46
p504,104
p505,111
p506,184
p507,27
p508,134
p509,196
p510,69
p511,75
p512,29
p513,83
p514,36
p515,130
p516,199
p517,86
p518,185
p519,100
p520,124
p521,31
p522,173
p523,136
p524,37
p525,114
p526,37
p527,109
p528,200
p529,175
p530,198
p531,27
p532,86
p533,40
p534,96
p535,47
p536,184
p537,98
p538,96
p539,26
p540,92
p541,74
p542,139
p543,51
p544,156
p545,76
p546,164
p547,101
p548,71
p549,154
p550,82
p551,119
p552,29
p553,77
p554,123
p555,85
p556,146
p557,151
p558,196
p559,165
p560,101
p561,99
p562,177
p563,63
p564,151
p565,28
p566,55
p567,66
p568,131
p569,71
p570,175
p571,137
p572,32
p573,33
p574,86
p575,44
p576,138
p577,53
p578,186
p579,86
p580,144
p581,199
p582,179
p583,93
p584,172
p585,61
p586,127
p587,74
p588,111
p589,193
p590,152
p591,115
p592,121
p593,151
p594,154
p595,96
p596,99
p597,50
p598,164
p599,94
p600,181
p601,114
p602,37
p603,91
p604,47
p605,55
p606,180
p607,30
p608,156
p609,68
p610,159
p611,100
p612,60
p613,69
p614,36
p615,40
p616,124
p617,161
p618,90
p619,49
p620,71
p621,199
p622,176
p623,128
p624,135
p625,86
p626,31
p627,65
p628,135
p629,42
p630,186
p631,173
p632,176
p633,196
p634,89
p635,94
p636,108
p637,146
p638,27
p639,37
p640,72
p641,143
p642,140
p643,48
p644,168
p645,53
p646,132
p647,129
p648,58
p649,156
p650,34
p651,169
p652,95
p653,86
p654,90
p655,104
p656,54
p657,101
p658,167
p659,126
p660,74
p661,145
p662,43
p663,185
p664,88
p665,118
p666,152
p667,86
p668,90
p669,188
p670,127
p671,142
p672,33
p673,107
p674,121
p675,174
p676,43
p677,123
p678,62
p679,33
p680,75
p681,195
p682,95
p683,42
p684,155
p685,198
p686,161
p687,137
p688,105
p689,196
p690,197
p691,164
p692,35
p693,62
p694,135
p695,52
p696,63
p697,139
p698,182
p699,54
p700,84
p701,165
p702,153
p703,78
p704,114
p705,116
p706,119
p707,68
p708,38
p709,50
p710,64
p711,65
p712,102
p713,176
p714,151
p715,170
p716,198
p717,105
p718,192
p719,197
p720,25
p721,93
p722,185
p723,92
p724,200
p725,173
p726,121
p727,90
p728,144
p729,173
p730,142
p731,91
p732,163
p733,149
p734,127
p735,125
p736,86
p737,162
p738,147
p739,66
p740,82
p741,51
p742,38
p743,95
p744,54
p745,160
p746,143
p747,124
p748,58
p749,60
p750,57
p751,109
p752,57
p753,27
p754,35
p755,193
p756,102
p757,91
p758,189
p759,161
p760,159
p761,108
p762,51
p763,196
p764,197
p765,137
p766,167
p767,160
p768,181
p769,180
p770,167
p771,187
p772,197
p773,51
p774,36
p775,63
p776,120
p777,134
p778,143
p779,176
p780,35
p781,129
p782,105
p783,96
p784,141
p785,120
p786,145
p787,118
p788,42
p789,122
p790,100
p791,104
p792,180
p793,66
p794,33
p795,154
p796,142
p797,141
p798,111
p799,128
p800,125
p801,32
p802,104
p803,120
p804,176
p805,149
p806,136
p807,157
p808,162
p809,67
p810,190
p811,95
p812,98
p813,73
p814,111
p815,166
p816,34
p817,95
p818,166
p819,180
p820,151
p821,173
p822,179
p823,36
p824,127
p825,142
p826,90
p827,180
p828,38
p829,154
p830,96
p831,102
p832,159
p833,184
p834,36
p835,167
p836,190
p837,104
p838,79
p839,154
p840,115
p841,194
p842,37
p843,93
p844,129
p845,25
p846,91
p847,200
p848,65
p849,62
p850,174
p851,36
p852,93
p853,139
p854,54
p855,96
p856,140
p857,119
p858,137
p859,42
p860,116
p861,170
p862,147
p863,157
p864,120
p865,170
p866,161
p867,161
p868,57
p869,100
p870,135
p871,168
p872,198
p873,98
p874,155
p875,66
p876,128
p877,143
p878,74
p879,144
p880,191
p881,108
p882,144
p883,31
p884,160
p885,59
p886,126
p887,49
p888,187
p889,192
p890,104
p891,33
p892,107
p893,119
p894,176
p895,44
p896,88
p897,180
p898,175
p899,83
p900,135
p901,188
p902,97
p903,159
p904,52
p905,48
p906,195
p907,115
p908,86
p909,185
p910,161
p911,38
p912,105
p913,137
p914,45
p915,31
p916,112
p917,174
p918,197
p919,119
p920,86
p921,144
p922,193
p923,82
p924,42
p925,46
p926,82
p927,187
p928,44
p929,116
p930,82
p931,45
p932,119
p933,175
p934,134
p935,159
p936,193
p937,25
p938,50
p939,73
p940,130
p941,168
p942,52
p943,107
p944,64
p945,27
p946,115
p947,61
p948,154
p949,92
p950,94
p951,50
p952,158
p953,127
p954,79
p955,33
p956,176
p957,199
p958,111
p959,196
p960,124
p961,141
p962,29
p963,90
p964,188
p965,112
p966,160
p967,123
p968,172
p969,111
p970,127
p971,200
p972,52
p973,39
p974,70
p975,43
p976,93
p977,192
p978,68
p979,152
p980,127
p981,135
p982,69
p983,118
p984,42
p985,142
p986,171
p987,81
p988,122
p989,120
p990,156
p991,63
p992,69
p993,98
p994,174
p995,187
p996,83
p997,118
p998,78
p999,54
p1000,107
p1001,95
p1002,114
p1003,175
p1004,159
p1005,98
p1006,27
p1007,180
p1008,141
p1009,94
p1010,98
p1011,152
p1012,33
p1013,35
p1014,188
p1015,99
p1016,78
p1017,57
p1018,94
p1019,127
p1020,33
p1021,95
p1022,82
p1023,165
p1024,83
p1025,95
p1026,93
p1027,177
p1028,91
p1029,129
p1030,76
p1031,189
p1032,128
p1033,68
p1034,63
p1035,104
p1036,70
p1037,92
p1038,199
p1039,171
p1040,45
p1041,142
p1042,179
p1043,179
p1044,105
p1045,170
p1046,53
p1047,55
p1048,50
p1049,155
p1050,110
p1051,160
p1052,101
p1053,111
p1054,128
p1055,150
p1056,28
p1057,83
p1058,42
p1059,177
p1060,162
p1061,172
p1062,75
p1063,80
p1064,41
p1065,68
p1066,167
p1067,107
p1068,63
p1069,181
p1070,85
p1071,28
p1072,184
p1073,174
p1074,162
p1075,143
p1076,47
p1077,52
p1078,154
p1079,74
p1080,91
p1081,148
p1082,152
p1083,146
p1084,89
p1085,86
p1086,177
p1087,41
p1088,54
p1089,141
p1090,163
p1091,64
p1092,96
p1093,193
p1094,86
p1095,95
p1096,62
p1097,179
p1098,135
p1099,188
p1100,102
p1101,95
p1102,176
p1103,195
p1104,161
p1105,66
p1106,192
p1107,32
p1108,118
p1109,174
p1110,94
p1111,55
p1112,90
p1113,97
p1114,160
p1115,113
p1116,79
p1117,78
p1118,78
p1119,188
p1120,31
p1121,82
p1122,190
p1123,154
p1124,65
p1125,124
p1126,62
p1127,83
p1128,189
p1129,81
p1130,163
p1131,98
p1132,92
p1133,87
p1134,119
p1135,165
p1136,194
p1137,80
p1138,125
p1139,154
p1140,60
p1141,86
p1142,85
p1143,178
p1144,131
p1145,134
p1146,101
p1147,190
p1148,158
p1149,123
p1150,159
p1151,173
p1152,130
p1153,35
p1154,60
p1155,30
p1156,153
p1157,135
p1158,79
p1159,122
p1160,34
p1161,53
p1162,54
p1163,151
p1164,140
p1165,188
p1166,42
p1167,118
p1168,131
p1169,97
p1170,100
p1171,28
p1172,25
p1173,28
p1174,158
p1175,136
p1176,113
p1177,180
p1178,117
p1179,105
p1180,171
p1181,153
p1182,27
p1183,38
p1184,131
p1185,73
p1186,83
p1187,193
p1188,142
p1189,190
p1190,197
p1191,51
p1192,140
p1193,97
p1194,130
p1195,197
p1196,126
p1197,180
p1198,109
p1199,73
p1200,40
p1201,49
p1202,29
p1203,166
p1204,124
p1205,85
p1206,100
p1207,84
p1208,146
p1209,109
p1210,42
p1211,184
p1212,46
p1213,135
p1214,27
p1215,133
p1216,33
p1217,132
p1218,169
p1219,115
p1220,67
p1221,167
p1222,125
p1223,142
p1224,124
p1225,127
p1226,156
p1227,185
p1228,93
p1229,47
p1230,55
p1231,122
p1232,45
p1233,98
p1234,122
p1235,99
p1236,144
p1237,34
p1238,183
p1239,126
p1240,61
p1241,196
p1242,114
p1243,44
p1244,92
p1245,191
p1246,91
p1247,200
p1248,80
p1249,183
p1250,81
p1251,141
p1252,73
p1253,129
p1254,161
p1255,165
p1256,27
p1257,35
p1258,191
p1259,148
p1260,168
p1261,99
p1262,96
p1263,106
p1264,54
p1265,125
p1266,137
p1267,160
p1268,192
p1269,189
p1270,163
p1271,111
p1272,38
p1273,61
p1274,89
p1275,199
p1276,89
p1277,175
p1278,55
p1279,181
p1280,196
p1281,142
p1282,124
p1283,29
p1284,104
p1285,163
p1286,186
p1287,31
p1288,163
p1289,123
p1290,86
p1291,157
p1292,177
p1293,175
p1294,31
p1295,33
p1296,91
p1297,121
p1298,118
p1299,167
p1300,102
p1301,117
p1302,193
p1303,53
p1304,173
p1305,140
p1306,187
p1307,126
p1308,130
p1309,80
p1310,190
p1311,44
p1312,101
p1313,135
p1314,171
p1315,152
p1316,42
p1317,61
p1318,105
p1319,192
p1320,171
p1321,39
p1322,76
p1323,44
p1324,127
p1325,47
p1326,153
p1327,175
p1328,143
p1329,43
p1330,62
p1331,31
p1332,192
p1333,194
p1334,132
p1335,111
p1336,93
p1337,90
p1338,38
p1339,137
p1340,122
p1341,127
p1342,121
p1343,113
p1344,34
p1345,31
p1346,95
p1347,79
p1348,166
p1349,66
p1350,60
p1351,156
p1352,43
p1353,108
p1354,126
p1355,28
p1356,126
p1357,133
p1358,72
p1359,91
p1360,100
p1361,165
p1362,134
p1363,57
p1364,66
p1365,104
p1366,32
p1367,114
p1368,151
p1369,108
p1370,168
p1371,150
p1372,180
p1373,73
p1374,90
p1375,100
p1376,25
p1377,161
p1378,99
p1379,198
p1380,100
p1381,188
p1382,133
p1383,186
p1384,141
p1385,138
p1386,38
p1387,112
p1388,99
p1389,43
p1390,97
p1391,87
p1392,65
p1393,102
p1394,178
p1395,148
p1396,82
p1397,152
p1398,199
p1399,158
p1400,165
p1401,105
p1402,183
p1403,79
p1404,37
p1405,96
p1406,94
p1407,72
p1408,200
p1409,190
p1410,128
p1411,84
p1412,82
p1413,90
p1414,37
p1415,123
p1416,34
p1417,29
p1418,87
p1419,52
p1420,152
p1421,159
p1422,130
p1423,161
p1424,71
p1425,41
p1426,128
p1427,77
p1428,74
p1429,27
p1430,76
p1431,91
p1432,93
p1433,192
p1434,137
p1435,150
p1436,110
p1437,61
p1438,181
p1439,58
p1440,65
p1441,166
p1442,54
p1443,50
p1444,179
p1445,75
p1446,145
p1447,170
p1448,126
p1449,53
p1450,158
p1451,200
p1452,137
p1453,73
p1454,133
p1455,172
p1456,108
p1457,83
p1458,157
p1459,142
p1460,134
p1461,113
p1462,58
p1463,153
p1464,75
p1465,124
p1466,42
p1467,191
p1468,48
p1469,168
p1470,124
p1471,47
p1472,196
p1473,165
p1474,69
p1475,65
p1476,178
p1477,73
p1478,86
p1479,51
p1480,157
p1481,182
p1482,125
p1483,159
p1484,26
p1485,83
p1486,157
p1487,164
p1488,158
p1489,56
p1490,46
p1491,132
p1492,167
p1493,57
p1494,118
p1495,90
p1496,183
p1497,123
p1498,61
p1499,90
p1500,85
p1501,189
p1502,102
p1503,67
p1504,168
p1505,63
p1506,112
p1507,160
p1508,138
p1509,158
p1510,93
p1511,128
p1512,114
p1513,113
p1514,72
p1515,55
p1516,179
p1517,171
p1518,61
p1519,134
p1520,53
p1521,72
p1522,199
p1523,62
p1524,57
p1525,159
p1526,112
p1527,164
p1528,62
p1529,69
p1530,185
p1531,85
p1532,150
p1533,35
p1534,185
p1535,105
p1536,100
p1537,193
p1538,67
p1539,187
p1540,131
p1541,127
p1542,156
p1543,163
p1544,166
p1545,134
p1546,163
p1547,169
p1548,197
p1549,123
p1550,161
p1551,27
p1552,130
p1553,187
p1554,109
p1555,182
p1556,152
p1557,140
p1558,59
p1559,174
p1560,197
p1561,122
p1562,85
p1563,200
p1564,71
p1565,174
p1566,79
p1567,118
p1568,194
p1569,99
p1570,145
p1571,176
p1572,185
p1573,191
p1574,109
p1575,165
p1576,122
p1577,174
p1578,116
p1579,135
p1580,85
p1581,58
p1582,66
p1583,29
p1584,89
p1585,133
p1586,40
p1587,45
p1588,126
p1589,139
p1590,155
p1591,104
p1592,56
p1593,156
p1594,122
p1595,156
p1596,179
p1597,118
p1598,190
p1599,165
p1600,43
p1601,66
p1602,187
p1603,34
p1604,95
p1605,147
p1606,186
p1607,39
p1608,128
p1609,108
p1610,29
p1611,85
p1612,145
p1613,183
p1614,165
p1615,79
p1616,131
p1617,171
p1618,56
p1619,66
p1620,168
p1621,199
p1622,98
p1623,26
p1624,115
p1625,149
p1626,47
p1627,184
p1628,86
p1629,114
p1630,161
p1631,91
p1632,58
p1633,102
p1634,195
p1635,146
p1636,157
p1637,26
p1638,142
p1639,56
p1640,168
p1641,55
p1642,42
p1643,73
p1644,78
p1645,73
p1646,67
p1647,133
p1648,43
p1649,57
p1650,89
p1651,38
p1652,107
p1653,69
p1654,174
p1655,119
p1656,100
p1657,33
p1658,26
p1659,26
p1660,26
p1661,109
p1662,25
p1663,113
p1664,141
p1665,76
p1666,159
p1667,155
p1668,97
p1669,119
p1670,91
p1671,62
p1672,115
p1673,153
p1674,47
p1675,46
p1676,97
p1677,106
p1678,173
p1679,70
p1680,26
p1681,193
p1682,62
p1683,93
p1684,179
p1685,199
p1686,64
p1687,110
p1688,101
p1689,125
p1690,58
p1691,128
p1692,70
p1693,104
p1694,191
p1695,147
p1696,70
p1697,106
p1698,25
p1699,98
p1700,109
p1701,95
p1702,128
p1703,159
p1704,137
p1705,61
p1706,172
p1707,75
p1708,193
p1709,119
p1710,109
p1711,34
p1712,195
p1713,107
p1714,87
p1715,110
p1716,77
p1717,179
p1718,119
p1719,177
p1720,180
p1721,179
p1722,71
p1723,164
p1724,50
p1725,78
p1726,199
p1727,91
p1728,171
p1729,132
p1730,146
p1731,186
p1732,142
p1733,93
p1734,48
p1735,181
p1736,120
p1737,38
p1738,75
p1739,105
p1740,180
p1741,37
p1742,70
p1743,160
p1744,158
p1745,135
p1746,163
p1747,179
p1748,29
p1749,135
p1750,41
p1751,91
p1752,51
p1753,127
p1754,61
p1755,42
p1756,165
p1757,149
p1758,100
p1759,166
p1760,68
p1761,127
p1762,37
p1763,25
p1764,91
p1765,179
p1766,161
p1767,77
p1768,82
p1769,88
p1770,190
p1771,125
p1772,154
p1773,115
p1774,193
p1775,37
p1776,155
p1777,108
p1778,196
p1779,150
p1780,180
p1781,44
p1782,184
p1783,53
p1784,104
p1785,173
p1786,47
p1787,180
p1788,141
p1789,91
p1790,163
p1791,87
p1792,152
p1793,125
p1794,78
p1795,49
p1796,189
p1797,147
p1798,195
p1799,118
p1800,51
p1801,145
p1802,63
p1803,199
p1804,143
p1805,183
p1806,124
p1807,49
p1808,53
p1809,92
p1810,178
p1811,173
p1812,59
p1813,188
p1814,191
p1815,60
p1816,36
p1817,142
p1818,118
p1819,128
p1820,104
p1821,71
p1822,167
p1823,103
p1824,186
p1825,143
p1826,179
p1827,166
p1828,191
p1829,58
p1830,175
p1831,170
p1832,48
p1833,140
p1834,72
p1835,127
p1836,47
p1837,31
p1838,195
p1839,152
p1840,26
p1841,170
p1842,194
p1843,31
p1844,111
p1845,47
p1846,86
p1847,195
p1848,150
p1849,88
p1850,94
p1851,142
p1852,154
p1853,167
p1854,93
p1855,77
p1856,99
p1857,47
p1858,52
p1859,105
p1860,151
p1861,120
p1862,108
p1863,100
p1864,34
p1865,48
p1866,148
p1867,100
p1868,50
p1869,135
p1870,57
p1871,52
p1872,154
p1873,119
p1874,82
p1875,162
p1876,113
p1877,80
p1878,31
p1879,77
p1880,117
p1881,165
p1882,130
p1883,116
p1884,173
p1885,85
p1886,185
p1887,152
p1888,150
p1889,46
p1890,156
p1891,140
p1892,127
p1893,98
p1894,200
p1895,188
p1896,140
p1897,101
p1898,145
p1899,47
p1900,74
p1901,165
p1902,130
p1903,195
p1904,48
p1905,119
p1906,102
p1907,128
p1908,69
p1909,47
p1910,84
p1911,177
p1912,102
p1913,57
p1914,88
p1915,101
p1916,146
p1917,103
p1918,156
p1919,137
p1920,123
p1921,165
p1922,197
p1923,106
p1924,100
p1925,111
p1926,180
p1927,154
p1928,191
p1929,47
p1930,54
p1931,86
p1932,192
p1933,86
p1934,72
p1935,44
p1936,125
p1937,124
p1938,137
p1939,121
p1940,161
p1941,96
p1942,154
p1943,64
p1944,164
p1945,65
p1946,82
p1947,115
p1948,45
p1949,83
p1950,158
p1951,44
p1952,139
p1953,57
p1954,110
p1955,143
p1956,107
p1957,73
p1958,153
p1959,67
p1960,153
p1961,64
p1962,114
p1963,169
p1964,84
p1965,173
p1966,30
p1967,59
p1968,102
p1969,103
p1970,106
p1971,125
p1972,147
p1973,30
p1974,50
p1975,149
p1976,125
p1977,188
p1978,133
p1979,75
p1980,152
p1981,152
p1982,86
p1983,147
p1984,67
p1985,166
p1986,35
p1987,129
p1988,170
p1989,49
p1990,181
p1991,140
p1992,144
p1993,113
p1994,165
p1995,119
p1996,30
p1997,43
p1998,108
p1999,81
p2000,129
p2001,187
p2002,84
p2003,166
p2004,149
p2005,176
p2006,186
p2007,39
p2008,31
p2009,67
p2010,49
p2011,52
p2012,185
p2013,135
p2014,195
p2015,115
p2016,139
p2017,161
p2018,92
p2019,117
p2020,185
p2021,48
p2022,173
p2023,104
p2024,154
p2025,68
p2026,43
p2027,55
p2028,80
p2029,144
p2030,127
p2031,146
p2032,40
p2033,95
p2034,119
p2035,46
p2036,117
p2037,129
p2038,96
p2039,77
p2040,106
p2041,162
p2042,79
p2043,181
p2044,131
p2045,156
p2046,177
p2047,117
p2048,164
p2049,32
p2050,51
p2051,50
p2052,188
p2053,57
p2054,172
p2055,74
p2056,159
p2057,25
p2058,120
p2059,146
p2060,138
p2061,98
p2062,48
p2063,110
p2064,182
p2065,63
p2066,189
p2067,61
p2068,148
p2069,176
p2070,58
p2071,52
p2072,69
p2073,200
p2074,145
p2075,142
p2076,158
p2077,155
p2078,129
p2079,188
p2080,150
p2081,167
p2082,124
p2083,189
p2084,163
p2085,105
p2086,80
p2087,110
p2088,145
p2089,105
p2090,128
p2091,124
p2092,80
p2093,125
p2094,94
p2095,190
p2096,165
p2097,170
p2098,72
p2099,153
p2100,25
p2101,78
p2102,181
p2103,115
p2104,77
p2105,46
p2106,68
p2107,111
p2108,74
p2109,155
p2110,38
p2111,165
p2112,133
p2113,164
p2114,159
p2115,41
p2116,114
p2117,71
p2118,193
p2119,130
p2120,119
p2121,141
p2122,168
p2123,26
p2124,46
p2125,103
p2126,168
p2127,40
p2128,30
p2129,62
p2130,120
p2131,136
p2132,177
p2133,129
p2134,194
p2135,111
p2136,133
p2137,177
p2138,197
p2139,86
p2140,28
p2141,29
p2142,121
p2143,193
p2144,106
p2145,59
p2146,172
p2147,88
p2148,124
p2149,199
p2150,174
p2151,60
p2152,86
p2153,149
p2154,174
p2155,159
p2156,111
p2157,171
p2158,122
p2159,190
p2160,58
p2161,188
p2162,49
p2163,95
p2164,30
p2165,136
p2166,168
p2167,27
p2168,169
p2169,87
p2170,29
p2171,192
p2172,170
p2173,141
p2174,138
p2175,87
p2176,182
p2177,160
p2178,186
p2179,89
p2180,170
p2181,192
p2182,104
p2183,60
p2184,163
p2185,82
p2186,111
p2187,37
p2188,143
p2189,62
p2190,70
p2191,198
p2192,192
p2193,120
p2194,113
p2195,40
p2196,140
p2197,90
p2198,47
p2199,63
p2200,75
p2201,80
p2202,33
p2203,106
p2204,123
p2205,182
p2206,103
p2207,196
p2208,122
p2209,97
p2210,111
p2211,125
p2212,171
p2213,194
p2214,176
p2215,30
p2216,193
p2217,163
p2218,102
p2219,182
p2220,56
p2221,116
p2222,196
p2223,185
p2224,148
p2225,48
p2226,30
p2227,47
p2228,92
p2229,133
p2230,39
p2231,34
p2232,89
p2233,25
p2234,182
p2235,182
p2236,55
p2237,134
p2238,191
p2239,43
p2240,61
p2241,197
p2242,192
p2243,135
p2244,197
p2245,28
p2246,117
p2247,139
p2248,56
p2249,156
p2250,72
p2251,192
p2252,193
p2253,52
p2254,157
p2255,33
p2256,140
p2257,58
p2258,118
p2259,74
p2260,102
p2261,86
p2262,184
p2263,162
p2264,41
p2265,129
p2266,99
p2267,73
p2268,115
p2269,76
p2270,190
p2271,99
p2272,28
p2273,123
p2274,32
p2275,188
p2276,87
p2277,30
p2278,40
p2279,168
p2280,45
p2281,106
p2282,111
p2283,179
p2284,188
p2285,35
p2286,177
p2287,171
p2288,165
p2289,84
p2290,189
p2291,135
p2292,64
p2293,156
p2294,190
p2295,52
p2296,197
p2297,199
p2298,165
p2299,147
p2300,184
p2301,125
p2302,140
p2303,172
p2304,182
p2305,196
p2306,55
p2307,180
p2308,50
p2309,78
p2310,171
p2311,61
p2312,141
p2313,139
p2314,193
p2315,110
p2316,50
p2317,122
p2318,147
p2319,63
p2320,83
p2321,128
p2322,127
p2323,141
p2324,102
p2325,107
p2326,32
p2327,195
p2328,50
p2329,164
p2330,88
p2331,73
p2332,107
p2333,121
p2334,181
p2335,195
p2336,136
p2337,199
p2338,122
p2339,112
p2340,176
p2341,184
p2342,108
p2343,36
p2344,112
p2345,58
p2346,98
p2347,66
p2348,121
p2349,156
p2350,127
p2351,104
p2352,130
p2353,94
p2354,31
p2355,82
p2356,76
p2357,34
p2358,32
p2359,187
p2360,46
p2361,37
p2362,54
p2363,69
p2364,90
p2365,73
p2366,181
p2367,27
p2368,177
p2369,100
p2370,175
p2371,102
p2372,95
p2373,123
p2374,38
p2375,177
p2376,43
p2377,138
p2378,154
p2379,83
p2380,127
p2381,53
p2382,100
p2383,85
p2384,150
p2385,158
p2386,89
p2387,98
p2388,54
p2389,40
p2390,113
p2391,42
p2392,53
p2393,116
p2394,67
p2395,28
p2396,106
p2397,143
p2398,185
p2399,57
p2400,155
p2401,54
p2402,175
p2403,163
p2404,75
p2405,147
p2406,137
p2407,30
p2408,132
p2409,165
p2410,191
p2411,126
p2412,138
p2413,88
p2414,175
p2415,156
p2416,184
p2417,115
p2418,26
p2419,107
p2420,192
p2421,163
p2422,116
p2423,78
p2424,84
p2425,179
p2426,80
p2427,182
p2428,139
p2429,80
p2430,121
p2431,108
p2432,142
p2433,181
p2434,74
p2435,53
p2436,101
p2437,43
p2438,73
p2439,150
p2440,63
p2441,93
p2442,112
p2443,112
p2444,30
p2445,174
p2446,168
p2447,35
p2448,187
p2449,190
p2450,33
p2451,157
p2452,179
p2453,88
p2454,68
p2455,151
p2456,104
p2457,162
p2458,35
p2459,53
p2460,116
p2461,26
p2462,118
p2463,159
p2464,145
p2465,184
p2466,41
p2467,119
p2468,57
p2469,199
p2470,174
p2471,104
p2472,159
p2473,111
p2474,53
p2475,43
p2476,185
p2477,61
p2478,140
p2479,81
p2480,128
p2481,46
p2482,96
p2483,31
p2484,145
p2485,62
p2486,33
p2487,31
p2488,135
p2489,198
p2490,189
p2491,93
p2492,122
p2493,85
p2494,134
p2495,69
p2496,142
p2497,126
p2498,160
p2499,153
p2500,94
p2501,38
p2502,199
p2503,173
p2504,99
p2505,153
p2506,105
p2507,52
p2508,132
p2509,67
p2510,144
p2511,123
p2512,180
p2513,88
p2514,199
p2515,49
p2516,148
p2517,169
p2518,114
p2519,50
p2520,118
p2521,163
p2522,26
p2523,117
p2524,180
p2525,127
p2526,71
p2527,116
p2528,48
p2529,196
p2530,109
p2531,43
p2532,129
p2533,32
p2534,147
p2535,107
p2536,115
p2537,92
p2538,168
p2539,85
p2540,174
p2541,54
p2542,159
p2543,160
p2544,171
p2545,28
p2546,88
p2547,161
p2548,200
p2549,41
p2550,64
p2551,88
p2552,47
p2553,186
p2554,133
p2555,100
p2556,40
p2557,103
p2558,102
p2559,131
p2560,158
p2561,182
p2562,191
p2563,173
p2564,135
p2565,67
p2566,154
p2567,80
p2568,153
p2569,77
p2570,87
p2571,82
p2572,199
p2573,61
p2574,141
p2575,173
p2576,193
p2577,104
p2578,131
p2579,57
p2580,144
p2581,178
p2582,183
p2583,171
p2584,66
p2585,112
p2586,120
p2587,110
p2588,33
p2589,49
p2590,199
p2591,82
p2592,113
p2593,133
p2594,56
p2595,27
p2596,46
p2597,115
p2598,128
p2599,40
p2600,157
p2601,183
p2602,90
p2603,164
p2604,94
p2605,53
p2606,128
p2607,174
p2608,188
p2609,55
p2610,43
p2611,183
p2612,75
p2613,172
p2614,44
p2615,77
p2616,40
p2617,107
p2618,156
p2619,67
p2620,194
p2621,156
p2622,178
p2623,186
p2624,69
p2625,95
p2626,87
p2627,172
p2628,93
p2629,44
p2630,156
p2631,65
p2632,198
p2633,122
p2634,49
p2635,144
p2636,90
p2637,27
p2638,129
p2639,70
p2640,135
p2641,156
p2642,60
p2643,152
p2644,148
p2645,163
p2646,132
p2647,81
p2648,160
p2649,119
p2650,32
p2651,197
p2652,83
p2653,131
p2654,115
p2655,151
p2656,120
p2657,109
p2658,170
p2659,68
p2660,93
p2661,52
p2662,164
p2663,164
p2664,38
p2665,99
p2666,42
p2667,116
p2668,62
p2669,177
p2670,58
p2671,53
p2672,147
p2673,67
p2674,102
p2675,39
p2676,78
p2677,118
p2678,128
p2679,130
p2680,30
p2681,66
p2682,73
p2683,146
p2684,183
p2685,178
p2686,161
p2687,168
p2688,167
p2689,52
p2690,66
p2691,162
p2692,140
p2693,91
p2694,126
p2695,60
p2696,186
p2697,186
p2698,62
p2699,37
p2700,113
p2701,151
p2702,78
p2703,113
p2704,196
p2705,72
p2706,60
p2707,122
p2708,114
p2709,42
p2710,109
p2711,180
p2712,32
p2713,165
p2714,109
p2715,196
p2716,29
p2717,171
p2718,31
p2719,138
p2720,182
p2721,133
p2722,25
p2723,84
p2724,144
p2725,141
p2726,137
p2727,101
p2728,68
p2729,156
p2730,85
p2731,61
p2732,176
p2733,163
p2734,78
p2735,150
p2736,129
p2737,138
p2738,175
p2739,99
p2740,108
p2741,132
p2742,29
p2743,123
p2744,42
p2745,126
p2746,121
p2747,179
p2748,42
p2749,102
p2750,63
p2751,38
p2752,55
p2753,101
p2754,88
p2755,168
p2756,26
p2757,54
p2758,167
p2759,199
p2760,107
p2761,193
p2762,45
p2763,83
p2764,58
p2765,26
p2766,192
p2767,39
p2768,36
p2769,141
p2770,114
p2771,132
p2772,124
p2773,188
p2774,156
p2775,111
p2776,200
p2777,159
p2778,113
p2779,36
p2780,95
p2781,37
p2782,127
p2783,169
p2784,53
p2785,71
p2786,158
p2787,193
p2788,105
p2789,90
p2790,179
p2791,112
p2792,140
p2793,39
p2794,177
p2795,59
p2796,170
p2797,56
p2798,179
p2799,121
p2800,40
p2801,27
p2802,197
p2803,112
p2804,51
p2805,77
p2806,53
p2807,190
p2808,78
p2809,128
p2810,151
p2811,55
p2812,174
p2813,153
p2814,128
p2815,43
p2816,35
p2817,104
p2818,132
p2819,176
p2820,116
p2821,144
p2822,105
p2823,121
p2824,163
p2825,88
p2826,149
p2827,103
p2828,124
p2829,80
p2830,133
p2831,70
p2832,120
p2833,49
p2834,159
p2835,62
p2836,28
p2837,100
p2838,164
p2839,180
p2840,179
p2841,164
p2842,34
p2843,102
p2844,186
p2845,200
p2846,122
p2847,28
p2848,126
p2849,86
p2850,140
p2851,166
p2852,112
p2853,39
p2854,200
p2855,125
p2856,95
p2857,177
p2858,103
p2859,110
p2860,112
p2861,42
p2862,51
p2863,105
p2864,195
p2865,78
p2866,83
p2867,186
p2868,31
p2869,32
p2870,189
p2871,46
p2872,36
p2873,109
p2874,30
p2875,39
p2876,26
p2877,34
p2878,173
p2879,74
p2880,63
p2881,178
p2882,179
p2883,87
p2884,122
p2885,66
p2886,190
p2887,77
p2888,94
p2889,125
p2890,131
p2891,97
p2892,108
p2893,124
p2894,85
p2895,186
p2896,150
p2897,76
p2898,147
p2899,175
p2900,141
p2901,79
p2902,130
p2903,151
p2904,25
p2905,136
p2906,132
p2907,159
p2908,83
p2909,114
p2910,180
p2911,69
p2912,67
p2913,175
p2914,139
p2915,69
p2916,143
p2917,132
p2918,135
p2919,184
p2920,176
p2921,159
p2922,129
p2923,111
p2924,70
p2925,188
p2926,161
p2927,81
p2928,85
p2929,190
p2930,86
p2931,142
p2932,186
p2933,190
p2934,123
p2935,149
p2936,55
p2937,65
p2938,125
p2939,79
p2940,167
p2941,174
p2942,56
p2943,147
p2944,165
p2945,173
p2946,165
p2947,181
p2948,62
p2949,33
p2950,103
p2951,52
p2952,47
p2953,104
p2954,136
p2955,146
p2956,114
p2957,102
p2958,183
p2959,139
p2960,159
p2961,127
p2962,171
p2963,67
p2964,180
p2965,28
p2966,40
p2967,78
p2968,152
p2969,138
p2970,174
p2971,147
p2972,81
p2973,200
p2974,167
p2975,118
p2976,188
p2977,28
p2978,80
p2979,189
p2980,41
p2981,116
p2982,162
p2983,146
p2984,124
p2985,177
p2986,198
p2987,159
p2988,103
p2989,111
p2990,156
p2991,139
p2992,95
p2993,50
p2994,111
p2995,129
p2996,87
p2997,172
p2998,145
p2999,72
p3000,135
p3001,109
p3002,127
p3003,192
p3004,185
p3005,181
p3006,114
p3007,165
p3008,190
p3009,199
p3010,104
p3011,158
p3012,59
p3013,118
p3014,55
p3015,199
p3016,187
p3017,29
p3018,31
p3019,99
p3020,106
p3021,58
p3022,141
p3023,182
p3024,186
p3025,109
p3026,108
p3027,87
p3028,128
p3029,135
p3030,199
p3031,69
p3032,92
p3033,129
p3034,109
p3035,191
p3036,139
p3037,48
p3038,141
p3039,89
p3040,64
p3041,87
p3042,62
p3043,156
p3044,183
p3045,153
p3046,74
p3047,109
p3048,105
p3049,114
p3050,40
p3051,27
p3052,106
p3053,38
p3054,178
p3055,153
p3056,36
p3057,52
p3058,149
p3059,45
p3060,150
p3061,129
p3062,74
p3063,186
p3064,115
p3065,194
p3066,40
p3067,81
p3068,195
p3069,176
p3070,111
p3071,159
p3072,81
p3073,123
p3074,31
p3075,155
p3076,184
p3077,92
p3078,119
p3079,59
p3080,198
p3081,73
p3082,183
p3083,50
p3084,174
p3085,147
p3086,164
p3087,183
p3088,100
p3089,57
p3090,28
p3091,139
p3092,117
p3093,193
p3094,148
p3095,139
p3096,185
p3097,172
p3098,66
p3099,38
p3100,151
p3101,160
p3102,74
p3103,57
p3104,63
p3105,131
p3106,180
p3107,35
p3108,170
p3109,90
p3110,170
p3111,59
p3112,128
p3113,164
p3114,196
p3115,62
p3116,116
p3117,147
p3118,184
p3119,141
p3120,138
p3121,130
p3122,58
p3123,176
p3124,152
p3125,116
p3126,165
p3127,35
p3128,87
p3129,141
p3130,166
p3131,58
p3132,120
p3133,43
p3134,99
p3135,46
p3136,80
p3137,140
p3138,99
p3139,78
p3140,64
p3141,165
p3142,136
p3143,154
p3144,118
p3145,33
p3146,173
p3147,101
p3148,168
p3149,39
p3150,117
p3151,25
p3152,154
p3153,54
p3154,25
p3155,37
p3156,63
p3157,114
p3158,163
p3159,71
p3160,144
p3161,158
p3162,184
p3163,194
p3164,197
p3165,130
p3166,159
p3167,189
p3168,94
p3169,44
p3170,83
p3171,147
p3172,90
p3173,197
p3174,70
p3175,112
p3176,64
p3177,95
p3178,34
p3179,48
p3180,52
p3181,91
p3182,105
p3183,141
p3184,93
p3185,64
p3186,173
p3187,189
p3188,173
p3189,152
p3190,193
p3191,32
p3192,146
p3193,55
p3194,107
p3195,149
p3196,155
p3197,102
p3198,58
p3199,118
p3200,143
p3201,34
p3202,196
p3203,152
p3204,82
p3205,25
p3206,114
p3207,96
p3208,129
p3209,89
p3210,116
p3211,161
p3212,60
p3213,29
p3214,145
p3215,177
p3216,65
p3217,111
p3218,76
p3219,168
p3220,149
p3221,68
p3222,148
p3223,156
p3224,78
p3225,28
p3226,195
p3227,48
p3228,75
p3229,158
p3230,57
p3231,62
p3232,28
p3233,97
p3234,138
p3235,40
p3236,80
p3237,194
p3238,190
p3239,172
p3240,120
p3241,176
p3242,138
p3243,194
p3244,91
p3245,57
p3246,141
p3247,162
p3248,41
p3249,57
p3250,73
p3251,196
p3252,196
p3253,90
p3254,51
p3255,110
p3256,98
p3257,112
p3258,159
p3259,33
p3260,159
p3261,195
p3262,179
p3263,81
p3264,27
p3265,161
p3266,181
p3267,90
p3268,160
p3269,187
p3270,96
p3271,199
p3272,151
p3273,121
p3274,163
p3275,158
p3276,127
p3277,61
p3278,191
p3279,91
p3280,37
p3281,75
p3282,105
p3283,153
p3284,169
p3285,184
p3286,89
p3287,46
p3288,61
p3289,90
p3290,42
p3291,150
p3292,38
p3293,120
p3294,75
p3295,137
p3296,193
p3297,51
p3298,54
p3299,163
p3300,146
p3301,161
p3302,199
p3303,113
p3304,26
p3305,136
p3306,176
p3307,30
p3308,45
p3309,32
p3310,86
p3311,132
p3312,175
p3313,140
p3314,100
p3315,123
p3316,82
p3317,145
p3318,69
p3319,138
p3320,75
p3321,30
p3322,86
p3323,109
p3324,147
p3325,61
p3326,88
p3327,190
p3328,90
p3329,135
p3330,152
p3331,131
p3332,73
p3333,162
p3334,90
p3335,174
p3336,67
p3337,131
p3338,115
p3339,178
p3340,150
p3341,77
p3342,53
p3343,198
p3344,85
p3345,93
p3346,44
p3347,174
p3348,47
p3349,129
p3350,86
p3351,109
p3352,54
p3353,174
p3354,159
p3355,108
p3356,87
p3357,160
p3358,138
p3359,136
p3360,44
p3361,199
p3362,84
p3363,115
p3364,151
p3365,79
p3366,27
p3367,25
p3368,191
p3369,77
p3370,114
p3371,82
p3372,60
p3373,139
p3374,80
p3375,110
p3376,123
p3377,103
p3378,184
p3379,127
p3380,151
p3381,26
p3382,34
p3383,30
p3384,156
p3385,84
p3386,86
p3387,123
p3388,125
p3389,80
p3390,130
p3391,51
p3392,118
p3393,42
p3394,186
p3395,189
p3396,90
p3397,101
p3398,180
p3399,173
p3400,82
p3401,33
p3402,78
p3403,177
p3404,127
p3405,48
p3406,117
p3407,183
p3408,86
p3409,80
p3410,163
p3411,182
p3412,125
p3413,39
p3414,36
p3415,153
p3416,40
p3417,44
p3418,164
p3419,110
p3420,71
p3421,86
p3422,72
p3423,83
p3424,103
p3425,198
p3426,60
p3427,177
p3428,35
p3429,157
p3430,176
p3431,118
p3432,146
p3433,62
p3434,110
p3435,27
p3436,93
p3437,51
p3438,49
p3439,49
p3440,199
p3441,29
p3442,193
p3443,77
p3444,97
p3445,178
p3446,72
p3447,185
p3448,123
p3449,140
p3450,40
p3451,92
p3452,187
p3453,35
p3454,177
p3455,194
p3456,175
p3457,53
p3458,158
p3459,60
p3460,60
p3461,104
p3462,150
p3463,93
p3464,87
p3465,128
p3466,99
p3467,172
p3468,173
p3469,194
p3470,187
p3471,53
p3472,119
p3473,121
p3474,66
p3475,140
p3476,139
p3477,127
p3478,140
p3479,54
p3480,39
p3481,33
p3482,140
p3483,193
p3484,125
p3485,58
p3486,26
p3487,147
p3488,140
p3489,180
p3490,140
p3491,109
p3492,72
p3493,169
p3494,32
p3495,57
p3496,70
p3497,26
p3498,140
p3499,50
p3500,83
p3501,134
p3502,182
p3503,186
p3504,40
p3505,181
p3506,171
p3507,128
p3508,118
p3509,76
p3510,79
p3511,146
p3512,90
p3513,185
p3514,183
p3515,174
p3516,129
p3517,164
p3518,25
p3519,145
p3520,29
p3521,43
p3522,68
p3523,116
p3524,104
p3525,35
p3526,73
p3527,190
p3528,86
p3529,110
p3530,27
p3531,46
p3532,149
p3533,50
p3534,25
p3535,190
p3536,81
p3537,109
p3538,182
p3539,195
p3540,139
p3541,153
p3542,161
p3543,96
p3544,69
p3545,160
p3546,174
p3547,187
p3548,120
p3549,56
p3550,135
p3551,38
p3552,102
p3553,112
p3554,67
p3555,146
p3556,62
p3557,65
p3558,74
p3559,89
p3560,178
p3561,112
p3562,145
p3563,159
p3564,111
p3565,174
p3566,187
p3567,103
p3568,193
p3569,96
p3570,108
p3571,48
p3572,38
p3573,162
p3574,172
p3575,80
p3576,116
p3577,195
p3578,66
p3579,170
p3580,39
p3581,145
p3582,74
p3583,80
p3584,75
p3585,92
p3586,68
p3587,173
p3588,139
p3589,177
p3590,88
p3591,102
p3592,114
p3593,26
p3594,47
p3595,94
p3596,58
p3597,144
p3598,62
p3599,136
p3600,160
p3601,51
p3602,112
p3603,52
p3604,78
p3605,197
p3606,142
p3607,170
p3608,111
p3609,81
p3610,180
p3611,58
p3612,111
p3613,134
p3614,138
p3615,163
p3616,85
p3617,53
p3618,161
p3619,163
p3620,70
p3621,131
p3622,48
p3623,196
p3624,71
p3625,91
p3626,37
p3627,116
p3628,70
p3629,75
p3630,104
p3631,138
p3632,79
p3633,59
p3634,102
p3635,144
p3636,102
p3637,151
p3638,115
p3639,200
p3640,54
p3641,182
p3642,61
p3643,140
p3644,139
p3645,156
p3646,70
p3647,158
p3648,112
p3649,28
p3650,61
p3651,36
p3652,37
p3653,128
p3654,200
p3655,131
p3656,110
p3657,137
p3658,98
p3659,168
p3660,49
p3661,70
p3662,182
p3663,105
p3664,49
p3665,168
p3666,172
p3667,192
p3668,60
p3669,188
p3670,91
p3671,35
p3672,92
p3673,132
p3674,128
p3675,168
p3676,113
p3677,100
p3678,155
p3679,64
p3680,173
p3681,79
p3682,198
p3683,25
p3684,82
p3685,184
p3686,78
p3687,36
p3688,45
p3689,26
p3690,81
p3691,36
p3692,103
p3693,154
p3694,83
p3695,32
p3696,142
p3697,130
p3698,130
p3699,56
p3700,41
p3701,28
p3702,104
p3703,107
p3704,171
p3705,64
p3706,45
p3707,197
p3708,79
p3709,128
p3710,47
p3711,173
p3712,31
p3713,107
p3714,76
p3715,164
p3716,140
p3717,158
p3718,117
p3719,159
p3720,70
p3721,124
p3722,72
p3723,127
p3724,173
p3725,28
p3726,73
p3727,150
p3728,180
p3729,199
p3730,145
p3731,91
p3732,73
p3733,92
p3734,64
p3735,193
p3736,146
p3737,182
p3738,162
p3739,30
p3740,37
p3741,43
p3742,71
p3743,29
p3744,160
p3745,140
p3746,111
p3747,165
p3748,93
p3749,182
p3750,109
p3751,99
p3752,126
p3753,61
p3754,65
p3755,31
p3756,98
p3757,73
p3758,86
p3759,26
p3760,118
p3761,122
p3762,111
p3763,91
p3764,170
p3765,129
p3766,157
p3767,183
p3768,146
p3769,34
p3770,164
p3771,189
p3772,54
p3773,70
p3774,153
p3775,193
p3776,165
p3777,132
p3778,188
p3779,155
p3780,124
p3781,172
p3782,153
p3783,184
p3784,121
p3785,109
p3786,152
p3787,149
p3788,79
p3789,191
p3790,160
p3791,132
p3792,138
p3793,56
p3794,44
p3795,44
p3796,163
p3797,152
p3798,132
p3799,26
p3800,177
p3801,93
p3802,27
p3803,191
p3804,155
p3805,62
p3806,50
p3807,175
p3808,149
p3809,200
p3810,55
p3811,81
p3812,53
p3813,107
p3814,72
p3815,83
p3816,85
p3817,166
p3818,69
p3819,113
p3820,176
p3821,97
p3822,160
p3823,194
p3824,40
p3825,30
p3826,34
p3827,39
p3828,81
p3829,199
p3830,123
p3831,156
p3832,30
p3833,107
p3834,87
p3835,81
p3836,132
p3837,118
p3838,148
p3839,178
p3840,188
p3841,151
p3842,61
p3843,37
p3844,90
p3845,30
p3846,168
p3847,194
p3848,71
p3849,31
p3850,96
p3851,59
p3852,188
p3853,54
p3854,112
p3855,30
p3856,92
p3857,166
p3858,121
p3859,109
p3860,38
p3861,168
p3862,88
p3863,188
p3864,52
p3865,96
p3866,200
p3867,193
p3868,176
p3869,107
p3870,199
p3871,112
p3872,45
p3873,87
p3874,57
p3875,81
p3876,115
p3877,173
p3878,180
p3879,51
p3880,191
p3881,40
p3882,143
p3883,130
p3884,96
p3885,121
p3886,148
p3887,152
p3888,150
p3889,132
p3890,140
p3891,161
p3892,59
p3893,52
p3894,160
p3895,69
p3896,105
p3897,44
p3898,72
p3899,101
p3900,180
p3901,52
p3902,124
p3903,138
p3904,185
p3905,144
p3906,123
p3907,106
p3908,61
p3909,163
p3910,194
p3911,138
p3912,176
p3913,36
p3914,69
p3915,199
p3916,157
p3917,138
p3918,184
p3919,134
p3920,186
p3921,147
p3922,148
p3923,142
p3924,105
p3925,77
p3926,48
p3927,57
p3928,54
p3929,193
p3930,191
p3931,69
p3932,38
p3933,93
p3934,198
p3935,94
p3936,109
p3937,30
p3938,160
p3939,145
p3940,106
p3941,106
p3942,78
p3943,57
p3944,53
p3945,88
p3946,136
p3947,47
p3948,81
p3949,149
p3950,179
p3951,134
p3952,73
p3953,191
p3954,158
p3955,141
p3956,61
p3957,165
p3958,164
p3959,40
p3960,35
p3961,190
p3962,131
p3963,143
p3964,45
p3965,55
p3966,186
p3967,77
p3968,100
p3969,92
p3970,61
p3971,157
p3972,40
p3973,137
p3974,144
p3975,166
p3976,115
p3977,131
p3978,112
p3979,75
p3980,45
p3981,29
p3982,93
p3983,146
p3984,172
p3985,49
p3986,138
p3987,199
p3988,105
p3989,186
p3990,49
p3991,151
p3992,86
p3993,89
p3994,168
p3995,181
p3996,33
p3997,96
p3998,76
p3999,199
p4000,103
p4001,172
p4002,150
p4003,125
p4004,154
p4005,53
p4006,121
p4007,80
p4008,175
p4009,157
p4010,125
p4011,90
p4012,74
p4013,181
p4014,135
p4015,105
p4016,169
p4017,175
p4018,81
p4019,44
p4020,63
p4021,29
p4022,53
p4023,121
p4024,147
p4025,197
p4026,190
p4027,193
p4028,148
p4029,181
p4030,200
p4031,164
p4032,81
p4033,62
p4034,124
p4035,141
p4036,200
p4037,173
p4038,151
p4039,83
p4040,170
p4041,91
p4042,167
p4043,97
p4044,176
p4045,42
p4046,127
p4047,57
p4048,152
p4049,170
p4050,104
p4051,50
p4052,155
p4053,48
p4054,134
p4055,128
p4056,98
p4057,113
p4058,144
p4059,167
p4060,35
p4061,53
p4062,98
p4063,65
p4064,127
p4065,72
p4066,99
p4067,38
p4068,49
p4069,194
p4070,103
p4071,128
p4072,107
p4073,148
p4074,33
p4075,183
p4076,107
p4077,98
p4078,178
p4079,195
p4080,191
p4081,89
p4082,60
p4083,110
p4084,113
p4085,173
p4086,56
p4087,147
p4088,69
p4089,133
p4090,115
p4091,120
p4092,139
p4093,173
p4094,100
p4095,100
p4096,83
p4097,185
p4098,103
p4099,50
p4100,149
p4101,141
p4102,52
p4103,70
p4104,48
p4105,177
p4106,29
p4107,130
p4108,160
p4109,81
p4110,53
p4111,168
p4112,88
p4113,104
p4114,178
p4115,177
p4116,118
p4117,169
p4118,166
p4119,42
p4120,181
p4121,92
p4122,193
p4123,44
p4124,57
p4125,42
p4126,110
p4127,106
p4128,66
p4129,39
p4130,121
p4131,191
p4132,133
p4133,137
p4134,64
p4135,43
p4136,149
p4137,172
p4138,182
p4139,115
p4140,107
p4141,167
p4142,144
p4143,86
p4144,87
p4145,121
p4146,182
p4147,134
p4148,48
p4149,31
p4150,143
p4151,87
p4152,161
p4153,186
p4154,57
p4155,165
p4156,34
p4157,59
p4158,121
p4159,96
p4160,59
p4161,143
p4162,130
p4163,191
p4164,42
p4165,155
p4166,156
p4167,79
p4168,181
p4169,47
p4170,57
p4171,83
p4172,27
p4173,124
p4174,81
p4175,83
p4176,157
p4177,93
p4178,195
p4179,98
p4180,152
p4181,121
p4182,83
p4183,162
p4184,113
p4185,77
p4186,154
p4187,199
p4188,45
p4189,117
p4190,155
p4191,102
p4192,119
p4193,27
p4194,157
p4195,140
p4196,107
p4197,69
p4198,99
p4199,173
p4200,101
p4201,108
p4202,149
p4203,66
p4204,87
p4205,57
p4206,174
p4207,91
p4208,131
p4209,120
p4210,125
p4211,181
p4212,165
p4213,106
p4214,138
p4215,62
p4216,65
p4217,75
p4218,119
p4219,101
p4220,125
p4221,117
p4222,40
p4223,153
p4224,73
p4225,35
p4226,185
p4227,48
p4228,95
p4229,198
p4230,71
p4231,101
p4232,86
p4233,165
p4234,89
p4235,88
p4236,161
p4237,173
p4238,165
p4239,53
p4240,88
p4241,110
p4242,116
p4243,102
p4244,200
p4245,198
p4246,34
p4247,63
p4248,147
p4249,34
p4250,129
p4251,84
p4252,142
p4253,125
p4254,80
p4255,62
p4256,127
p4257,182
p4258,72
p4259,130
p4260,26
p4261,79
p4262,156
p4263,157
p4264,89
p4265,116
p4266,102
p4267,106
p4268,92
p4269,173
p4270,200
p4271,109
p4272,93
p4273,95
p4274,82
p4275,101
p4276,158
p4277,138
p4278,107
p4279,176
p4280,152
p4281,91
p4282,176
p4283,162
p4284,77
p4285,152
p4286,39
p4287,90
p4288,118
p4289,38
p4290,172
p4291,65
p4292,193
p4293,70
p4294,67
p4295,60
p4296,33
p4297,29
p4298,138
p4299,151
p4300,133
p4301,155
p4302,155
p4303,139
p4304,187
p4305,143
p4306,179
p4307,194
p4308,43
p4309,115
p4310,188
p4311,151
p4312,74
p4313,77
p4314,144
p4315,77
p4316,146
p4317,104
p4318,73
p4319,109
p4320,159
p4321,199
p4322,157
p4323,197
p4324,101
p4325,122
p4326,188
p4327,93
p4328,78
p4329,40
p4330,173
p4331,101
p4332,108
p4333,133
p4334,47
p4335,129
p4336,136
p4337,178
p4338,144
p4339,104
p4340,140
p4341,58
p4342,56
p4343,184
p4344,104
p4345,123
p4346,51
p4347,44
p4348,54
p4349,121
p4350,156
p4351,114
p4352,74
p4353,59
p4354,63
p4355,114
p4356,47
p4357,71
p4358,169
p4359,193
p4360,132
p4361,92
p4362,61
p4363,71
p4364,62
p4365,53
p4366,144
p4367,36
p4368,65
p4369,152
p4370,62
p4371,166
p4372,148
p4373,38
p4374,196
p4375,32
p4376,122
p4377,79
p4378,136
p4379,39
p4380,119
p4381,96
p4382,160
p4383,61
p4384,48
p4385,60
p4386,50
p4387,166
p4388,103
p4389,159
p4390,37
p4391,35
p4392,83
p4393,141
p4394,148
p4395,99
p4396,102
p4397,181
p4398,83
p4399,154
p4400,62
p4401,122
p4402,108
p4403,187
p4404,98
p4405,86
p4406,63
p4407,101
p4408,102
p4409,26
p4410,82
p4411,79
p4412,71
p4413,135
p4414,117
p4415,70
p4416,103
p4417,158
p4418,191
p4419,157
p4420,175
p4421,63
p4422,44
p4423,149
p4424,141
p4425,32
p4426,93
p4427,68
p4428,184
p4429,113
p4430,154
p4431,98
p4432,26
p4433,146
p4434,125
p4435,69
p4436,109
p4437,49
p4438,194
p4439,47
p4440,102
p4441,125
p4442,149
p4443,142
p4444,46
p4445,191
p4446,155
p4447,108
p4448,185
p4449,156
p4450,192
p4451,145
p4452,93
p4453,160
p4454,86
p4455,187
p4456,194
p4457,129
p4458,134
p4459,200
p4460,178
p4461,52
p4462,137
p4463,173
p4464,88
p4465,77
p4466,99
p4467,165
p4468,134
p4469,92
p4470,148
p4471,108
p4472,166
p4473,148
p4474,49
p4475,183
p4476,75
p4477,65
p4478,133
p4479,160
p4480,53
p4481,66
p4482,136
p4483,38
p4484,137
p4485,170
p4486,115
p4487,76
p4488,142
p4489,82
p4490,119
p4491,88
p4492,172
p4493,58
p4494,167
p4495,197
p4496,185
p4497,172
p4498,114
p4499,108
p4500,74
p4501,166
p4502,164
p4503,193
p4504,42
p4505,160
p4506,128
p4507,78
p4508,180
p4509,187
p4510,63
p4511,144
p4512,57
p4513,47
p4514,138
p4515,46
p4516,89
p4517,163
p4518,128
p4519,186
p4520,181
p4521,186
p4522,29
p4523,187
p4524,142
p4525,184
p4526,165
p4527,59
p4528,158
p4529,182
p4530,158
p4531,39
p4532,148
p4533,167
p4534,185
p4535,187
p4536,64
p4537,168
p4538,177
p4539,40
p4540,171
p4541,138
p4542,107
p4543,195
p4544,140
p4545,154
p4546,148
p4547,100
p4548,120
p4549,67
p4550,87
p4551,156
p4552,35
p4553,129
p4554,132
p4555,114
p4556,152
p4557,137
p4558,113
p4559,155
p4560,79
p4561,131
p4562,44
p4563,52
p4564,79
p4565,140
p4566,32
p4567,172
p4568,47
p4569,158
p4570,190
p4571,180
p4572,106
p4573,98
p4574,26
p4575,53
p4576,180
p4577,182
p4578,148
p4579,42
p4580,57
p4581,32
p4582,31
p4583,167
p4584,28
p4585,32
p4586,124
p4587,199
p4588,39
p4589,191
p4590,142
p4591,145
p4592,100
p4593,99
p4594,176
p4595,64
p4596,97
p4597,104
p4598,121
p4599,127
p4600,97
p4601,48
p4602,56
p4603,171
p4604,26
p4605,174
p4606,185
p4607,163
p4608,128
p4609,146
p4610,181
p4611,89
p4612,166
p4613,141
p4614,192
p4615,42
p4616,154
p4617,178
p4618,52
p4619,28
p4620,47
p4621,45
p4622,183
p4623,76
p4624,103
p4625,59
p4626,49
p4627,89
p4628,58
p4629,32
p4630,90
p4631,155
p4632,75
p4633,161
p4634,55
p4635,125
p4636,60
p4637,50
p4638,107
p4639,139
p4640,84
p4641,94
p4642,188
p4643,169
p4644,79
p4645,107
p4646,37
p4647,31
p4648,44
p4649,55
p4650,44
p4651,121
p4652,71
p4653,153
p4654,169
p4655,34
p4656,194
p4657,97
p4658,163
p4659,86
p4660,136
p4661,132
p4662,69
p4663,102
p4664,44
p4665,148
p4666,185
p4667,168
p4668,138
p4669,185
p4670,99
p4671,185
p4672,75
p4673,94
p4674,125
p4675,188
p4676,79
p4677,167
p4678,49
p4679,177
p4680,162
p4681,73
p4682,98
p4683,118
p4684,189
p4685,89
p4686,140
p4687,176
p4688,195
p4689,61
p4690,116
p4691,96
p4692,31
p4693,185
p4694,55
p4695,72
p4696,123
p4697,112
p4698,48
p4699,186
p4700,191
p4701,147
p4702,115
p4703,73
p4704,106
p4705,34
p4706,83
p4707,170
p4708,53
p4709,81
p4710,69
p4711,188
p4712,171
p4713,197
p4714,143
p4715,113
p4716,111
p4717,157
p4718,76
p4719,96
p4720,59
p4721,197
p4722,55
p4723,106
p4724,190
p4725,64
p4726,29
p4727,196
p4728,166
p4729,107
p4730,105
p4731,116
p4732,129
p4733,141
p4734,27
p4735,181
p4736,57
p4737,39
p4738,162
p4739,121
p4740,34
p4741,138
p4742,196
p4743,81
p4744,152
p4745,88
p4746,183
p4747,29
p4748,117
p4749,51
p4750,62
p4751,123
p4752,96
p4753,68
p4754,99
p4755,133
p4756,86
p4757,176
p4758,30
p4759,69
p4760,29
p4761,101
p4762,199
p4763,89
p4764,28
p4765,58
p4766,192
p4767,88
p4768,194
p4769,199
p4770,146
p4771,191
p4772,175
p4773,112
p4774,163
p4775,37
p4776,122
p4777,151
p4778,162
p4779,156
p4780,104
p4781,136
p4782,54
p4783,117
p4784,53
p4785,157
p4786,183
p4787,65
p4788,64
p4789,61
p4790,166
p4791,132
p4792,56
p4793,142
p4794,99
p4795,73
p4796,146
p4797,52
p4798,167
p4799,188
p4800,109
p4801,103
p4802,142
p4803,87
p4804,164
p4805,141
p4806,104
p4807,104
p4808,158
p4809,189
p4810,188
p4811,146
p4812,53
p4813,171
p4814,96
p4815,46
p4816,143
p4817,191
p4818,91
p4819,110
p4820,178
p4821,45
p4822,118
p4823,119
p4824,92
p4825,28
p4826,113
p4827,124
p4828,116
p4829,61
p4830,163
p4831,105
p4832,62
p4833,78
p4834,145
p4835,100
p4836,43
p4837,25
p4838,200
p4839,100
p4840,65
p4841,51
p4842,40
p4843,101
p4844,90
p4845,28
p4846,58
p4847,161
p4848,108
p4849,29
p4850,117
p4851,29
p4852,110
p4853,188
p4854,31
p4855,189
p4856,135
p4857,65
p4858,168
p4859,125
p4860,108
p4861,64
p4862,95
p4863,87
p4864,110
p4865,130
p4866,158
p4867,110
p4868,177
p4869,66
p4870,58
p4871,77
p4872,120
p4873,159
p4874,69
p4875,119
p4876,163
p4877,189
p4878,192
p4879,62
p4880,46
p4881,161
p4882,51
p4883,134
p4884,25
p4885,126
p4886,72
p4887,147
p4888,127
p4889,159
p4890,162
p4891,65
p4892,66
p4893,162
p4894,141
p4895,134
p4896,200
p4897,150
p4898,165
p4899,40
p4900,170
p4901,165
p4902,86
p4903,123
p4904,180
p4905,186
p4906,56
p4907,59
p4908,89
p4909,76
p4910,33
p4911,194
p4912,88
p4913,145
p4914,58
p4915,193
p4916,47
p4917,197
p4918,27
p4919,95
p4920,31
p4921,77
p4922,168
p4923,161
p4924,138
p4925,197
p4926,31
p4927,82
p4928,136
p4929,157
p4930,59
p4931,109
p4932,102
p4933,33
p4934,69
p4935,63
p4936,118
p4937,139
p4938,101
p4939,157
p4940,80
p4941,93
p4942,96
p4943,96
p4944,93
p4945,26
p4946,95
p4947,81
p4948,119
p4949,151
p4950,192
p4951,146
p4952,87
p4953,51
p4954,140
p4955,69
p4956,125
p4957,25
p4958,110
p4959,56
p4960,143
p4961,71
p4962,181
p4963,31
p4964,81
p4965,139
p4966,194
p4967,132
p4968,147
p4969,142
p4970,45
p4971,157
p4972,41
p4973,67
p4974,57
p4975,74
p4976,174
p4977,144
p4978,196
p4979,34
p4980,91
p4981,45
p4982,199
p4983,185
p4984,58
p4985,112
p4986,187
p4987,186
p4988,88
p4989,109
p4990,168
p4991,33
p4992,44
p4993,166
p4994,142
p4995,102
p4996,129
p4997,92
p4998,26
p4999,149
p5000,86
